{"health":85,"startPos":{"x":89.6217346,"y":-18.22178,"z":0.0},"lastSceneIndex":1}