{"position":{"x":-26.8949947,"y":-9.377348,"z":-7.0},"health":100}