{"position":{"x":12.00689,"y":-24.00871,"z":-7.0},"health":100}