{"position":{"x":67.77186,"y":-19.8755589,"z":0.0},"health":80}