{"position":{"x":12.0958729,"y":-3.497175}}