{"position":{"x":-8.749652,"y":7.64477253,"z":-2.27},"health":100}